{
  "1": {
    "zilchRate": 0.667075,
    "avgGain": 75.06029886611098
  },
  "2": {
    "zilchRate": 0.444503,
    "avgGain": 89.97204305333783
  },
  "3": {
    "zilchRate": 0.277532,
    "avgGain": 120.1669139671238
  },
  "4": {
    "zilchRate": 0.157263,
    "avgGain": 170.22475576603378
  },
  "5": {
    "zilchRate": 0.076966,
    "avgGain": 266.5067050617854
  },
  "6": {
    "zilchRate": 0.023224,
    "avgGain": 474.43953373137754
  }
}